metric,group_a_mean,group_b_mean,difference,percent_change
view_count,19701030.944444444,33208790.0,13507759.055555556,68.56371676003408
like_count,577788.3888888889,1316949.0,739160.6111111111,127.9292947600674
comment_count,3516.4444444444443,1398.0,-2118.4444444444443,-60.24393326592518
likes_per_view,0.026933904462138267,0.03965663910067184,0.012722734638533573,47.23687446214221
comments_per_view,0.00015755692319363611,4.209728809751876e-05,-0.00011545963509611735,-73.28121973683025
