metric,morning_mean,evening_mean,difference,percent_change
view_count,106167836.53658536,129216003.66666667,23048167.13008131,21.70918037134432
like_count,3176096.7560975607,4091390.3333333335,915293.5772357727,28.818189353915812
comment_count,28532.585365853658,15258.666666666666,-13273.918699186992,-46.52196262268101
likes_per_view,0.046747151337046,0.04146685771984763,-0.005280293617198374,-11.295433980837817
comments_per_view,0.0014206541630709065,0.0009333377506411921,-0.0004873164124297144,-34.30225491166156
