metric,morning_mean,evening_mean,difference,percent_change
view_count,27889161.73623853,18126410.556962024,-9762751.179276507,-35.00553825033405
like_count,628492.6972477065,516238.4810126582,-112254.21623504825,-17.86086246135104
comment_count,3907.8256880733943,7152.297468354431,3244.4717802810364,83.02498727574005
likes_per_view,0.027972192098185654,0.02867575373477031,0.0007035616365846549,2.515218092722485
comments_per_view,0.0007869985872979013,0.0009499825381121319,0.00016298395081423063,20.709560785086463
