metric,morning_mean,evening_mean,difference,percent_change
view_count,27663084.426605504,17972808.7721519,-9690275.654453605,-35.02962831264686
like_count,624620.006880734,513480.15189873416,-111139.85498199984,-17.793194863708724
comment_count,3883.433486238532,7101.848101265823,3218.414615027291,82.87549217547243
likes_per_view,0.02804051262414536,0.028779309154433653,0.0007387965302882923,2.634746875676314
comments_per_view,0.0007924592038126258,0.0009576395042525866,0.0001651803004399608,20.844013123357843
