metric,group_a_mean,group_b_mean,difference,percent_change
view_count,19631016.055555556,34469058.0,14838041.944444444,75.5846865106368
like_count,622475.3888888889,512583.0,-109892.38888888888,-17.65409377630905
comment_count,2670.1666666666665,16631.0,13960.833333333334,522.8450159166096
likes_per_view,0.0283108946653617,0.014870815442650042,-0.013440079222711657,-47.47317024620757
comments_per_view,0.00013309062240789642,0.00048249070224083294,0.0003494000798329365,262.5279478835814
