metric,group_a_mean,group_b_mean,difference,percent_change
view_count,18035031.0,1646706046.0,1628671015.0,9030.59725819157
like_count,175950.0,18305541.0,18129591.0,10303.831202046036
comment_count,20974.0,2387870.0,2366896.0,11284.905120625537
likes_per_view,0.009756013172364384,0.011116459458241402,0.0013604462858770178,13.944695049517975
comments_per_view,0.001162958910356184,0.0014500888035240747,0.0002871298931678907,24.689599143270698
