metric,group_a_mean,group_b_mean,difference,percent_change
view_count,23198624.8,17315677.666666668,-5882947.133333333,-25.35903392572362
like_count,731411.8,489224.6666666667,-242187.13333333336,-33.11228138968135
comment_count,2368.4,4556.666666666667,2188.266666666667,92.39430276417272
likes_per_view,0.030836542810904394,0.024011276812235187,-0.006825265998669207,-22.133693911548548
comments_per_view,0.00011748036795585172,0.00018925758066938353,7.177721271353181e-05,61.097197738183084
